jaylen,adams
giannis,antetokounmpo
thanasis,antetokounmpo
d.j.,augustin
elijah,bryant
pat,connaughton
torrey,craig
mamadi,diakite
donte,divincenzo
bryn,forbes
jrue,holiday
justin,jackson
rodions,kurucs
brook,lopez
sam,merrill
khris,middleton
jordan,nwora
bobby,portis
jeff,teague
axel,toupane
p.j.,tucker
d.j.,wilson
lamarcus,aldridge
jarrett,allen
bruce,brown
chris,chiozza
nic,claxton
tyler,cook
spencer,dinwiddie
kevin,durant
jeff,green
blake,griffin
james,harden
joe,harris
kyrie,irving
mike,james
alize,johnson
tyler,johnson
deandre,jordan
rodions,kurucs
caris,levert
timothé,luwawu-cabarrot
norvel,pelle
reggie,perry
taurean,prince
andre,roberson
landry,shamet
iman,shumpert
noah,vonleh
deni,avdija
bradley,beal
jordan,bell
dāvis,bertāns
isaac,bonga
troy,brown,jr.
thomas,bryant
daniel,gafford
anthony,gill
rui,hachimura
chandler,hutchison
alex,len
robin,lopez
garrison,mathews
raul,neto
anžejs,pasečņiks
jerome,robinson
ish,smith
moritz,wagner
russell,westbrook
cassius,winston
udoka,azubuike
bojan,bogdanović
jarrell,brantley
jordan,clarkson
mike,conley
derrick,favors
trent,forrest
rudy,gobert
shaquille,harrison
elijah,hughes
ersan,i̇lyasova
joe,ingles
donovan,mitchell
juwan,morgan
georges,niang
royce,o'neale
miye,oni
matt,thomas
carmelo,anthony
keljin,blevins
robert,covington
cj,elleby
enes,freedom
harry,giles
rondae,hollis-jefferson
rodney,hood
derrick,jones,jr.
t.j.,leaf
damian,lillard
nassir,little
cj,mccollum
jusuf,nurkić
norman,powell
anfernee,simons
gary,trent,jr.
goga,bitadze
brian,bowen
amida,brimah
oshae,brissett
malcolm,brogdon
aaron,holiday
justin,holiday
jeremy,lamb
jalen,lecque
caris,levert
kelan,martin
t.j.,mcconnell
doug,mcdermott
victor,oladipo
domantas,sabonis
jakarr,sampson
cassius,stanley
edmond,sumner
myles,turner
t.j.,warren
ty-shon,alexander
deandre,ayton
devin,booker
mikal,bridges
jevon,carter
torrey,craig
jae,crowder
langston,galloway
cameron,johnson
damian,jones
frank,kaminsky
e'twaun,moore
abdel,nader
chris,paul
cameron,payne
dario,šarić
jalen,smith
will,barton
bol,bol
facundo,campazzo
vlatko,čančar
gary,clark
pj,dozier
aaron,gordon
jamychal,green
r.j.,hampton
gary,harris
shaquille,harrison
isaiah,hartenstein
markus,howard
nikola,jokić
javale,mcgee
paul,millsap
monte,morris
jamal,murray
zeke,nnaji
michael,porter,jr.
austin,rivers
greg,whittington
steven,adams
nickeil,alexander-walker
lonzo,ball
eric,bledsoe
wenyen,gabriel
josh,hart
jaxson,hayes
willy,hernangómez
brandon,ingram
wes,iwundu
james,johnson
kira,lewis,jr.
didi,louzada
will,magnay
naji,marshall
nicolò,melli
james,nunnally
j.j.,redick
isaiah,thomas
sindarius,thornwell
zion,williamson
nicolas,batum
patrick,beverley
amir,coffey
demarcus,cousins
yogi,ferrell
malik,fitts
paul,george
serge,ibaka
reggie,jackson
mfiondu,kabengele
luke,kennard
kawhi,leonard
terance,mann
marcus,morris
daniel,oturu
patrick,patterson
rajon,rondo
jay,scrubb
lou,williams
ivica,zubac
marvin,bagley,iii
harrison,barnes
nemanja,bjelica
terence,davis
de'aaron,fox
kyle,guy
tyrese,haliburton
maurice,harkless
buddy,hield
richaun,holmes
justin,james
daquan,jeffries
damian,jones
cory,joseph
louis,king
chimezie,metu
jabari,parker
norvel,pelle
jahmi'us,ramsey
glenn,robinson,iii
chris,silva
hassan,whiteside
robert,woodard,ii
delon,wright
kent,bazemore
jordan,bell
marquese,chriss
stephen,curry
draymond,green
damion,lee
kevon,looney
nico,mannion
mychal,mulder
kelly,oubre,jr.
eric,paschall
gary,payton,ii
jordan,poole
alen,smailagić
juan,toscano-anderson
brad,wanamaker
andrew,wiggins
james,wiseman
bogdan,bogdanović
clint,capela
john,collins
kris,dunn
bruno,fernando
danilo,gallinari
brandon,goodwin
solomon,hill
kevin,huerter
de'andre,hunter
nathan,knight
skylar,mays
onyeka,okongwu
cam,reddish
rajon,rondo
tony,snell
lou,williams
trae,young
tony,bradley
ignas,brazdeikis
gary,clark
seth,curry
joel,embiid
terrance,ferguson
danny,green
tobias,harris
george,hill
dwight,howard
isaiah,joe
mason,jones
furkan,korkmaz
dakota,mathias
tyrese,maxey
shake,milton
vincent,poirier
paul,reed
mike,scott
ben,simmons
matisse,thybulle
anthony,tolliver
rayjon,tucker
grayson,allen
kyle,anderson
desmond,bane
dillon,brooks
brandon,clarke
gorgui,dieng
tim,frazier
jaren,jackson,jr.
tyus,jones
john,konchar
sean,mcdermott
de'anthony,melton
ja,morant
jontay,porter
killian,tillie
xavier,tillman,sr.
jonas,valančiūnas
justise,winslow
jaylen,brown
carsen,edwards
tacko,fall
evan,fournier
javonte,green
luke,kornet
romeo,langford
aaron,nesmith
semi,ojeleye
jabari,parker
payton,pritchard
marcus,smart
jayson,tatum
jeff,teague
daniel,theis
tristan,thompson
moritz,wagner
kemba,walker
tremont,waters
grant,williams
robert,williams
tyler,bey
jalen,brunson
trey,burke
willie,cauley-stein
luka,dončić
dorian,finney-smith
josh,green
tim,hardaway,jr.
nate,hinton
wes,iwundu
james,johnson
maxi,kleber
boban,marjanović
nicolò,melli
kristaps,porziņģis
dwight,powell
j.j.,redick
josh,richardson
tyrell,terry
malik,beasley
jarrett,culver
ed,davis
anthony,edwards
ashton,hagans
juancho,hernangómez
jake,layman
jaden,mcdaniels
jordan,mclaughlin
jaylen,nowell
josh,okogie
naz,reid
ricky,rubio
d'angelo,russell
karl-anthony,towns
jarred,vanderbilt
og,anunoby
aron,baynes
deandre',bembry
khem,birch
chris,boucher
terence,davis
henry,ellenson
malachi,flynn
freddie,gillespie
jalen,harris
rodney,hood
stanley,johnson
alex,len
kyle,lowry
patrick,mccaw
norman,powell
pascal,siakam
matt,thomas
gary,trent,jr.
fred,vanvleet
yuta,watanabe
paul,watson
lamarcus,aldridge
keita,bates-diop
demar,derozan
gorgui,dieng
drew,eubanks
rudy,gay
keldon,johnson
tre,jones
trey,lyles
patty,mills
dejounte,murray
jakob,poeltl
cameron,reynolds
luka,šamanić
devin,vassell
lonnie,walker,iv
quinndary,weatherspoon
derrick,white
al-farouq,aminu
ryan,arcidiacono
troy,brown,jr.
wendell,carter,jr.
devon,dotson
cristiano,felício
daniel,gafford
javonte,green
chandler,hutchison
luke,kornet
zach,lavine
lauri,markkanen
adam,mokoka
otto,porter,jr.
tomáš,satoranský
garrett,temple
daniel,theis
denzel,valentine
nikola,vučević
coby,white
patrick,williams
thaddeus,young
kostas,antetokounmpo
devontae,cacok
kentavious,caldwell-pope
alex,caruso
quinn,cook
anthony,davis
andre,drummond
jared,dudley
marc,gasol
montrezl,harrell
talen,horton-tucker
lebron,james
damian,jones
kyle,kuzma
wesley,matthews
alfonzo,mckinnie
ben,mclemore
markieff,morris
dennis,schröder
lamelo,ball
bismack,biyombo
miles,bridges
vernon,carey,jr.
nate,darling
devonte',graham
gordon,hayward
caleb,martin
cody,martin
jalen,mcdaniels
malik,monk
nick,richards
grant,riller
terry,rozier
brad,wanamaker
p.j.,washington
cody,zeller
d.j.,augustin
avery,bradley
armoni,brooks
sterling,brown
bruno,caboclo
demarcus,cousins
eric,gordon
james,harden
danuel,house,jr.
daquan,jeffries
mason,jones
rodions,kurucs
anthony,lamb
kenyon,martin,jr.
ben,mclemore
david,nwaba
victor,oladipo
cameron,oliver
kelly,olynyk
justin,patton
kevin,porter,jr.
cameron,reynolds
ray,spalding
jae'sean,tate
brodric,thomas
khyri,thomas
p.j.,tucker
john,wall
d.j.,wilson
christian,wood
precious,achiuwa
bam,adebayo
trevor,ariza
nemanja,bjelica
avery,bradley
jimmy,butler
dewayne,dedmon
goran,dragić
maurice,harkless
udonis,haslem
tyler,herro
andre,iguodala
meyers,leonard
kendrick,nunn
kz,okpala
victor,oladipo
kelly,olynyk
duncan,robinson
chris,silva
max,strus
gabe,vincent
rj,barrett
ignas,brazdeikis
reggie,bullock
alec,burks
taj,gibson
jared,harper
kevin,knox
nerlens,noel
frank,ntilikina
elfrid,payton
norvel,pelle
theo,pinson
immanuel,quickley
julius,randle
austin,rivers
mitchell,robinson
derrick,rose
dennis,smith,jr.
obi,toppin
saddiq,bey
tyler,cook
hamidou,diallo
sekou,doumbouya
wayne,ellington
jerami,grant
blake,griffin
killian,hayes
frank,jackson
josh,jackson
cory,joseph
saben,lee
rodney,mcgruder
svi,mykhailiuk
jahlil,okafor
mason,plumlee
derrick,rose
deividas,sirvydis
dennis,smith,jr.
isaiah,stewart
delon,wright
darius,bazley
tony,bradley
charlie,brown,jr.
moses,brown
gabriel,deck
hamidou,diallo
luguentz,dort
shai,gilgeous-alexander
josh,hall
george,hill
jaylen,hoard
al,horford
justin,jackson
ty,jerome
théo,maledon
darius,miller
mike,muscala
svi,mykhailiuk
aleksej,pokusevski
justin,robinson
isaiah,roby
kenrich,williams
al-farouq,aminu
cole,anthony
dwayne,bacon
mo,bamba
khem,birch
jordan,bone
ignas,brazdeikis
devin,cannady
wendell,carter,jr.
michael,carter-williams
gary,clark
james,ennis,iii
evan,fournier
robert,franks
markelle,fultz
aaron,gordon
donta,hall
r.j.,hampton
gary,harris
karim,mané
frank,mason,iii
chuma,okeke
otto,porter,jr.
chasson,randle
terrence,ross
sindarius,thornwell
nikola,vučević
moritz,wagner
jarrett,allen
marques,bolden
quinn,cook
matthew,dellavedova
damyean,dotson
andre,drummond
dante,exum
yogi,ferrell
darius,garland
isaiah,hartenstein
mfiondu,kabengele
kevin,love
thon,maker
jeremiah,martin
javale,mcgee
larry,nance,jr.
isaac,okoro
cedi,osman
taurean,prince
collin,sexton
lamar,stevens
brodric,thomas
anderson,varejão
dean,wade
dylan,windler
